<?xml version="1.0" encoding="utf-8"?>
<pbco xmlns:xsi="http://www.w3.org/2001/XMLSchema-instance" xsi:schemaLocation="http://www.pbcls.org/pbco/ pbco.xsd" xmlns="http://www.pbcls.org/pbco/">
	<!-- 案例的基本属性 -->
	<name>DS_Project_1_Performance Measurement</name>
	<description></description>
	<version>1.0</version>
	<author>PBCLS</author>
	<email>PBCLS@zju.edu.name</email>
	<creationdate>2010-03-02</creationdate>
	
	<!-- 案例的资源 -->
	<resources>
		<resource>
			<id>1</id>
			<name>Programmer</name>
			<description></description>
			<role>PM</role>
		</resource>	
		<resource>
			<id>2</id>
			<name>Tester</name>
			<description></description>
			<role>Member</role>
		</resource>
		<resource>
			<id>3</id>
			<name>Writer</name>
			<description></description>
			<role>Member</role>
		</resource>
	</resources>	
	
	<!-- 案例任务 -->
	<tasks>
		<task>
			<id>1</id>
			<name>Programming</name>
			<wbs>1</wbs>
			<description>Implement the three functions (30 pts.) and a testing program (20 pts.) with sufficient comments.</description>
			<isparent>0</isparent>
			<resourceids>1</resourceids>
			<duration>9</duration>
			<inputs>
				<file>P1.pdf</file>	
			</inputs>
			<outputs>
				<file>solution.cpp</file>	
			</outputs>
		</task>	
		<task>
			<id>2</id>
			<name>Testing</name>
			<wbs>2</wbs>
			<description>Decide the iteration number K for each test case and fill in the table of results (8 pts.).  Plot the run times of the functions (12 pts.).  Write analysis and comments (10 pts.).</description>
			<isparent>0</isparent>
			<resourceids>2</resourceids>
			<duration>9</duration>
			<inputs>
				<file>P1.pdf</file>	
			</inputs>
			<outputs>
				<file>testcases.txt</file>	
			</outputs>
		</task>					
		<task>
			<id>3</id>
			<name>Report Writing</name>
			<wbs>3</wbs>
			<description>Write Chapter 1 (6 pts.), Chapter 2 (12 pts.), and finally a complete report (2 pts. for overall style of documentation).</description>
			<isparent>0</isparent>
			<resourceids>3</resourceids>
			<predecessorids>1,2</predecessorids>
			<duration>5</duration>
			<inputs>
				<file>Requirements.doc</file>	
			</inputs>
			<outputs>
				<file>report.pdf</file>	
			</outputs>
		</task>			
			
  </tasks>
	
</pbco>
